name,company,year,Price,kms_driven,fuel_type
Hyundai Santro Xing XO eRLX Euro III,Hyundai,2007,80000.0,45000.0,Petrol
Mahindra Jeep CL550 MDI,Mahindra,2006,425000.0,40.0,Diesel
Hyundai Grand i10 Magna 12 Kappa VTVT,Hyundai,2014,325000.0,28000.0,Petrol
Ford EcoSport Titanium 15L TDCi,Ford,2014,575000.0,36000.0,Diesel
Ford Figo,Ford,2012,175000.0,41000.0,Diesel
Hyundai Eon,Hyundai,2013,190000.0,25000.0,Petrol
Ford EcoSport Ambiente 15L TDCi,Ford,2016,830000.0,24530.0,Diesel
Maruti Suzuki Alto K10 VXi AMT,Maruti Suzuki,2015,250000.0,60000.0,Petrol
Skoda Fabia Classic 12 MPI,Skoda,2010,182000.0,60000.0,Petrol
Maruti Suzuki Stingray VXi,Maruti Suzuki,2015,315000.0,30000.0,Petrol
Hyundai Elite i20 Magna 12,Hyundai,2014,415000.0,32000.0,Petrol
Mahindra Scorpio SLE BS IV,Mahindra,2015,320000.0,48660.0,Diesel
Audi A8,Audi,2017,1000000.0,4000.0,Petrol
Audi Q7,Audi,2014,500000.0,16934.0,Diesel
Mahindra Scorpio S10,Mahindra,2016,350000.0,43000.0,Diesel
Maruti Suzuki Alto 800,Maruti Suzuki,2014,160000.0,35550.0,Petrol
Mahindra Scorpio S10,Mahindra,2016,310000.0,39522.0,Diesel
Maruti Suzuki Alto 800 Vxi,Maruti Suzuki,2015,75000.0,39000.0,Petrol
Hyundai i20 Sportz 12,Hyundai,2012,100000.0,55000.0,Petrol
Maruti Suzuki Alto 800 Lx,Maruti Suzuki,2017,190000.0,72000.0,Petrol
Maruti Suzuki Vitara Brezza ZDi,Maruti Suzuki,2016,290000.0,15975.0,Diesel
Maruti Suzuki Alto LX,Maruti Suzuki,2008,95000.0,70000.0,Petrol
Mahindra Bolero DI,Mahindra,2017,180000.0,23452.0,Diesel
Maruti Suzuki Swift Dzire ZDi,Maruti Suzuki,2014,385000.0,35522.0,Diesel
Mahindra Scorpio S10 4WD,Mahindra,2015,250000.0,48508.0,Diesel
Maruti Suzuki Swift Vdi BSIII,Maruti Suzuki,2017,180000.0,15487.0,Petrol
Maruti Suzuki Wagon R VXi BS III,Maruti Suzuki,2013,105000.0,39000.0,Petrol
Maruti Suzuki Wagon R VXi Minor,Maruti Suzuki,2013,105000.0,39000.0,Petrol
Toyota Innova 20 G 8 STR BS IV,Toyota,2012,650000.0,82000.0,Diesel
Renault Lodgy 85 PS RXL,Renault,2018,689999.0,20000.0,Diesel
Skoda Yeti Ambition 20 TDI CR 4x2,Skoda,2012,448000.0,68000.0,Diesel
Maruti Suzuki Baleno Delta 12,Maruti Suzuki,2017,549000.0,32000.0,Diesel
Renault Duster 110 PS RxZ Diesel Plus,Renault,2012,501000.0,38000.0,Diesel
Renault Duster 85 PS RxE Diesel,Renault,2013,489999.0,27000.0,Diesel
Honda City 15 S MT,Honda,2011,280000.0,33000.0,Petrol
Maruti Suzuki Dzire,Maruti Suzuki,2013,349999.0,46000.0,Diesel
Honda Amaze,Honda,2013,284999.0,46000.0,Diesel
Honda Amaze 15 SX i DTEC,Honda,2015,345000.0,36000.0,Diesel
Honda City,Honda,2015,499999.0,55000.0,Petrol
Datsun Redi GO S,Datsun,2017,235000.0,16000.0,Petrol
Maruti Suzuki SX4 ZXI MT,Maruti Suzuki,2010,249999.0,36000.0,Petrol
Mitsubishi Pajero Sport Limited Edition,Mitsubishi,2015,1475000.0,47000.0,Diesel
Mahindra Scorpio S10,Mahindra,2015,395000.0,35000.0,Diesel
Maruti Suzuki Swift VXi 12 ABS BS IV,Maruti Suzuki,2017,220000.0,30874.0,Petrol
Honda City ZX CVT,Honda,2017,170000.0,15000.0,Diesel
Maruti Suzuki Wagon R LX BS IV,Maruti Suzuki,2013,85000.0,29685.0,Petrol
Tata Indigo eCS LS CR4 BS IV,Tata,2017,200000.0,130.0,Diesel
Mahindra Scorpio SLE BS IV,Mahindra,2012,570000.0,19000.0,Diesel
Volkswagen Polo Highline Exquisite P,Volkswagen,2014,315000.0,60000.0,Petrol
Chevrolet Spark LS 10,Chevrolet,2010,110000.0,41000.0,Petrol
Renault Duster 110PS Diesel RxZ,Renault,2012,501000.0,35000.0,Diesel
Honda City,Honda,2015,448999.0,54000.0,Petrol
Mini Cooper S 16,Mini Cooper,2013,1891111.0,13000.0,Petrol
Skoda Fabia 12L Diesel Ambiente,Skoda,2011,159500.0,38200.0,Diesel
Honda Amaze,Honda,2015,344999.0,22000.0,Petrol
Renault Duster,Renault,2014,449999.0,50000.0,Diesel
Mini Cooper S 16,Mini Cooper,2013,1891111.0,13500.0,Petrol
Mahindra Scorpio S4,Mahindra,2015,865000.0,30000.0,Diesel
Mahindra Scorpio VLX 2WD BS IV,Mahindra,2014,699000.0,50000.0,Diesel
Mahindra Quanto C8,Mahindra,2013,375000.0,20000.0,Diesel
Ford EcoSport,Ford,2017,489999.0,39000.0,Petrol
Honda Brio,Honda,2012,224999.0,30000.0,Petrol
Volkswagen Vento Highline Plus 15 Diesel AT,Volkswagen,2019,1200000.0,3600.0,Diesel
Hyundai i20 Magna,Hyundai,2009,195000.0,32000.0,Petrol
Toyota Corolla Altis Diesel D4DG,Toyota,2010,351000.0,38000.0,Diesel
Hyundai Verna Transform SX VTVT,Hyundai,2008,160000.0,45000.0,Petrol
Toyota Corolla Altis Petrol Ltd,Toyota,2009,240000.0,35000.0,Petrol
Honda City 15 EXi New,Honda,2005,90000.0,50000.0,Petrol
Skoda Fabia 12L Diesel Elegance,Skoda,2011,155000.0,45863.0,Diesel
BMW 3 Series 320i,BMW,2011,600000.0,60500.0,Petrol
Maruti Suzuki A Star Lxi,Maruti Suzuki,2011,189500.0,12500.0,Petrol
Toyota Etios GD,Toyota,2013,350000.0,60000.0,Diesel
Ford Figo Diesel EXI Option,Ford,2012,210000.0,35000.0,Diesel
Maruti Suzuki Swift Dzire VXi 12 BS IV,Maruti Suzuki,2014,390000.0,35000.0,Petrol
Chevrolet Beat LT Diesel,Chevrolet,2012,135000.0,45000.0,Diesel
BMW 7 Series 740Li Sedan,BMW,2009,1600000.0,35000.0,Petrol
Mahindra XUV500 W8 AWD 2013,Mahindra,2013,701000.0,38000.0,Diesel
Hyundai i10 Magna 12,Hyundai,2014,265000.0,18000.0,Petrol
Hyundai Verna Fluidic New,Hyundai,2015,525000.0,35000.0,Diesel
Maruti Suzuki Swift VXi 12 BS IV,Maruti Suzuki,2013,372000.0,13349.0,Petrol
Maruti Suzuki Ertiga ZXI Plus,Maruti Suzuki,2016,635000.0,29000.0,Petrol
Ford EcoSport Titanium 15L TDCi,Ford,2014,550000.0,44000.0,Diesel
Maruti Suzuki Ertiga Vxi,Maruti Suzuki,2016,575000.0,29000.0,Petrol
Maruti Suzuki Ertiga VDi,Maruti Suzuki,2013,485000.0,42000.0,Diesel
Maruti Suzuki Alto LXi BS III,Maruti Suzuki,2012,155000.0,14000.0,Petrol
Hyundai Grand i10 Asta 11 CRDi,Hyundai,2014,345000.0,49000.0,Diesel
Honda Amaze 12 S i VTEC,Honda,2014,325000.0,42000.0,Petrol
Hyundai i20 Asta 14 CRDI 6 Speed,Hyundai,2012,329500.0,36200.0,Diesel
Ford Figo Diesel EXI,Ford,2014,195000.0,50000.0,Diesel
Maruti Suzuki Eeco 5 STR WITH AC HTR,Maruti Suzuki,2015,251111.0,55000.0,Petrol
Maruti Suzuki Ertiga ZXi,Maruti Suzuki,2014,569999.0,45000.0,Petrol
Maruti Suzuki Esteem LXi BS III,Maruti Suzuki,2007,69999.0,51000.0,Petrol
Maruti Suzuki Ritz VXI,Maruti Suzuki,2014,299999.0,19000.0,Petrol
Maruti Suzuki Dzire,Maruti Suzuki,2009,220000.0,46000.0,Petrol
Maruti Suzuki Ritz LDi,Maruti Suzuki,2013,399999.0,33000.0,Diesel
Maruti Suzuki Dzire VDI,Maruti Suzuki,2015,450000.0,104.0,Diesel
Toyota Etios Liva G,Toyota,2014,270000.0,55000.0,Petrol
Hyundai i20 Sportz 14 CRDI,Hyundai,2011,350000.0,33333.0,Diesel
Chevrolet Spark,Chevrolet,2012,158400.0,33600.0,Petrol
Maruti Suzuki Alto K10 VXi AMT,Maruti Suzuki,2017,350000.0,5600.0,Petrol
Nissan Micra XV,Nissan,2011,179000.0,41000.0,Petrol
Maruti Suzuki Swift,Maruti Suzuki,2007,125000.0,70000.0,Petrol
Maruti Suzuki Alto 800,Maruti Suzuki,2018,200000.0,7500.0,Petrol
Honda Amaze 15 S i DTEC,Honda,2013,299000.0,45000.0,Diesel
Maruti Suzuki Alto 800 Vxi,Maruti Suzuki,2015,220000.0,38000.0,Petrol
Chevrolet Beat,Chevrolet,2015,150000.0,30000.0,Petrol
Toyota Corolla,Toyota,2009,275000.0,26000.0,Unknown
Honda City 15 V MT,Honda,2010,285000.0,35000.0,Petrol
Ford EcoSport Trend 15L TDCi,Ford,2016,830000.0,24330.0,Diesel
Hyundai i20 Asta 12,Hyundai,2009,210000.0,65480.0,Petrol
Maruti Suzuki Swift Dzire VXi 12 BS IV,Maruti Suzuki,2013,340000.0,41000.0,Petrol
Tata Indica V2 eLS,Tata,2006,90000.0,20000.0,Petrol
Hindustan Motors Ambassador,Hindustan Motors,2000,70000.0,200.0,Diesel
Toyota Corolla Altis 18 GL,Toyota,2010,289999.0,70000.0,Petrol
Toyota Corolla Altis 18 J,Toyota,2012,349999.0,59000.0,Petrol
Toyota Innova 25 GX BS IV 7 STR,Toyota,2012,849999.0,99000.0,Diesel
Volkswagen Jetta Highline TDI AT,Volkswagen,2014,749999.0,46000.0,Diesel
Volkswagen Polo Comfortline 12L P,Volkswagen,2015,399999.0,2800.0,Petrol
Volkswagen Polo,Volkswagen,2014,274999.0,32000.0,Petrol
Mahindra Scorpio,Mahindra,2015,984999.0,22000.0,Diesel
Nissan Sunny,Nissan,2012,224999.0,45000.0,Petrol
Hyundai Elite i20,Hyundai,2018,599999.0,21000.0,Petrol
Renault Kwid,Renault,2016,244999.0,11000.0,Petrol
Renault Duster,Renault,2013,399999.0,41000.0,Diesel
Renault Duster,Renault,2014,474999.0,50000.0,Diesel
Mahindra Scorpio VLX Airbag,Mahindra,2011,499999.0,66000.0,Diesel
Maruti Suzuki Alto 800 Lxi,Maruti Suzuki,2018,310000.0,3000.0,Petrol
Chevrolet Spark LT 10,Chevrolet,2010,85000.0,45000.0,Petrol
Datsun Redi GO T O,Datsun,2016,245000.0,7000.0,Petrol
Maruti Suzuki Swift RS VDI,Maruti Suzuki,2010,189500.0,38500.0,Diesel
Fiat Punto Emotion 12,Fiat,2012,169500.0,37200.0,Diesel
Maruti Suzuki Swift RS VDI,Maruti Suzuki,2010,159500.0,43200.0,Diesel
Toyota Etios GD,Toyota,2013,275000.0,24800.0,Petrol
Hyundai i20 Sportz 14 CRDI,Hyundai,2014,370000.0,60000.0,Diesel
Hyundai i10 Sportz 12,Hyundai,2010,168000.0,45872.0,Petrol
Chevrolet Beat LT Opt Diesel,Chevrolet,2011,150000.0,40000.0,Diesel
Chevrolet Beat LS Diesel,Chevrolet,2011,145000.0,45000.0,Diesel
Chevrolet Beat LT Diesel,Chevrolet,2012,98500.0,38000.0,Diesel
Tata Indigo CS,Tata,2011,85000.0,11400.0,Diesel
Toyota Corolla Altis 18 J,Toyota,2015,575000.0,42000.0,Petrol
Honda City 15 V MT,Honda,2014,549000.0,39000.0,Petrol
Maruti Suzuki Swift VDi,Maruti Suzuki,2011,209000.0,47000.0,Diesel
Hyundai Eon Era Plus,Hyundai,2013,185000.0,27000.0,Petrol
Mahindra Scorpio S10,Mahindra,2015,900000.0,97200.0,Diesel
Mahindra XUV500,Mahindra,2014,699999.0,52000.0,Diesel
Ford Fiesta,Ford,2011,274999.0,55000.0,Diesel
Honda City,Honda,2015,599999.0,30000.0,Diesel
Maruti Suzuki Wagon R,Maruti Suzuki,2012,199999.0,44000.0,Petrol
Honda City,Honda,2014,544999.0,45000.0,Diesel
Hyundai i20,Hyundai,2009,199000.0,31000.0,Petrol
Tata Indigo eCS LX TDI BS III,Tata,2016,320000.0,175.0,Diesel
Hyundai Fluidic Verna 16 CRDi SX,Hyundai,2015,540000.0,38000.0,Diesel
Mahindra Quanto C8,Mahindra,2013,340000.0,37000.0,Diesel
Fiat Petra ELX 12 PS,Fiat,2008,75000.0,65000.0,Petrol
Hyundai Santro Xing XS,Hyundai,2005,49000.0,7500.0,Petrol
Maruti Suzuki Ciaz VXi Plus,Maruti Suzuki,2016,700000.0,3350.0,Petrol
Maruti Suzuki Zen VX,Maruti Suzuki,2000,55000.0,60000.0,Petrol
Hyundai Creta 16 SX Plus Petrol,Hyundai,2017,895000.0,32000.0,Petrol
Mahindra Scorpio SLX,Mahindra,2007,355000.0,75000.0,Diesel
Mahindra Scorpio SLE BS IV,Mahindra,2012,565000.0,62000.0,Diesel
Toyota Innova 25 G BS III 8 STR,Toyota,2006,365000.0,73000.0,Diesel
Maruti Suzuki Alto K10 VXi AMT,Maruti Suzuki,2011,145000.0,41000.0,Petrol
Maruti Suzuki Wagon R LXI BS IV,Maruti Suzuki,2011,210000.0,35000.0,Petrol
Tata Nano Cx BSIV,Tata,2013,40000.0,2200.0,Petrol
Maruti Suzuki Alto Std BS IV,Maruti Suzuki,2013,125000.0,39000.0,Petrol
Maruti Suzuki Wagon R LXi BS III,Maruti Suzuki,2009,135000.0,45000.0,Petrol
Maruti Suzuki Swift VXI BSIII,Maruti Suzuki,2006,135000.0,45000.0,Petrol
Tata Sumo Victa EX 10 by 7 Str BSIII,Tata,2012,285000.0,65000.0,Diesel
Maruti Suzuki Wagon R LXi BS III,Maruti Suzuki,2010,145000.0,54870.0,Petrol
Maruti Suzuki Alto LXi BS III,Maruti Suzuki,2010,135000.0,34580.0,Petrol
Volkswagen Passat Diesel Comfortline AT,Volkswagen,2009,450000.0,97000.0,Diesel
Renault Scala RxL Diesel Travelogue,Renault,2015,375000.0,25000.0,Diesel
Hyundai Grand i10 Sportz O 12 Kappa VTVT,Hyundai,2014,365000.0,20000.0,Petrol
Hyundai i20 Active 12 SX,Hyundai,2015,500000.0,18000.0,Petrol
Mahindra Xylo E4,Mahindra,2012,400000.0,35000.0,Diesel
Mahindra Jeep MM 550 XDB,Mahindra,2019,390000.0,60.0,Diesel
Mahindra Bolero SLE BS IV,Mahindra,2013,330000.0,80200.0,Diesel
Force Motors Force One LX ABS 7 STR,Force Motors,2015,580000.0,3200.0,Diesel
Maruti Suzuki SX4,Maruti Suzuki,2012,265000.0,46000.0,Diesel
Maruti Suzuki Alto 800,Maruti Suzuki,2015,219000.0,5000.0,Petrol
Mahindra Jeep CL550 MDI,Mahindra,2018,385000.0,588.0,Diesel
Toyota Etios,Toyota,2011,275000.0,36000.0,Diesel
Volkswagen Polo,Volkswagen,2015,330000.0,38000.0,Diesel
Honda City ZX VTEC,Honda,2008,110000.0,45000.0,Petrol
Maruti Suzuki Wagon R LX BS III,Maruti Suzuki,2006,80000.0,71200.0,Petrol
Honda City VX O MT Diesel,Honda,2016,519000.0,52000.0,Diesel
Mahindra Thar CRDe 4x4 AC,Mahindra,2016,730000.0,29000.0,Diesel
Audi A4 18 TFSI Multitronic Premium Plus,Audi,2009,699000.0,47000.0,Petrol
Mercedes Benz GLA Class 200 CDI Sport,Mercedes Benz,2015,2000000.0,20000.0,Diesel
Land Rover Freelander 2 SE,Land Rover,2015,2100000.0,30000.0,Diesel
Renault Kwid RXT,Renault,2017,340000.0,5000.0,Petrol
Tata Aria Pleasure 4X2,Tata,2014,390000.0,35000.0,Diesel
Mercedes Benz B Class B180 Sports,Mercedes Benz,2014,1400000.0,31000.0,Petrol
Datsun GO T O,Datsun,2016,245000.0,7000.0,Petrol
Honda Jazz VX MT,Honda,2016,450000.0,41000.0,Petrol
Honda Amaze 12 S i VTEC,Honda,2014,311000.0,33000.0,Petrol
Honda City,Honda,2012,399999.0,45000.0,Petrol
Honda City,Honda,2015,599999.0,39000.0,Diesel
Mahindra Scorpio S4,Mahindra,2015,855000.0,30000.0,Diesel
Hyundai i20 Active 14L SX O,Hyundai,2015,535000.0,37000.0,Diesel
Mini Cooper S,Mini Cooper,2013,1891111.0,13000.0,Petrol
Maruti Suzuki Ciaz ZXI Plus,Maruti Suzuki,2017,699000.0,14000.0,Petrol
Chevrolet Tavera Neo,Chevrolet,2013,375000.0,55000.0,Diesel
Hyundai Eon Sportz,Hyundai,2012,178000.0,30000.0,Petrol
Tata Sumo Gold Select Variant,Tata,2013,300000.0,50000.0,Diesel
Maruti Suzuki Wagon R 10,Maruti Suzuki,2003,90000.0,45000.0,Petrol
Maruti Suzuki Esteem VXi BS III,Maruti Suzuki,2006,95000.0,45000.0,Petrol
Maruti Suzuki Eeco 5 STR WITH AC HTR,Maruti Suzuki,2015,255000.0,9300.0,Petrol
Chevrolet Enjoy 14 LS 8 STR,Chevrolet,2013,245000.0,55000.0,Diesel
Maruti Suzuki Wagon R 10 VXi,Maruti Suzuki,2015,289999.0,22000.0,Petrol
Nissan Terrano XL D Plus,Nissan,2015,499999.0,60000.0,Diesel
Renault Duster 85 PS RxE Diesel,Renault,2014,489999.0,59000.0,Diesel
Renault Duster 85 PS RxL Diesel,Renault,2015,549999.0,19000.0,Diesel
Maruti Suzuki Dzire ZXI,Maruti Suzuki,2013,380000.0,30000.0,Petrol
Renault Kwid RXT Opt,Renault,2018,325000.0,15000.0,Petrol
Maruti Suzuki Maruti 800 Std,Maruti Suzuki,2003,57000.0,56758.0,Petrol
Renault Kwid 10 RXT AMT,Renault,2018,349999.0,10000.0,Petrol
Renault Scala RxL Diesel,Renault,2014,349999.0,49000.0,Diesel
Hyundai Grand i10 Asta 12 Kappa VTVT O,Hyundai,2014,410000.0,41000.0,Petrol
Maruti Suzuki Swift Dzire VXi 12 BS IV,Maruti Suzuki,2011,225000.0,45000.0,Petrol
Chevrolet Beat LS Petrol,Chevrolet,2010,120000.0,43000.0,Petrol
Hyundai Santro Xing XO eRLX Euro III,Hyundai,2000,59000.0,56450.0,Petrol
Chevrolet Beat LS Petrol,Chevrolet,2010,80000.0,56000.0,Petrol
Chevrolet Beat LS Petrol,Chevrolet,2015,220000.0,32700.0,Petrol
Ford EcoSport Titanium 15L TDCi,Ford,2016,599000.0,30000.0,Diesel
Hyundai Accent GLX,Hyundai,2006,80000.0,56000.0,Petrol
Mahindra TUV300 T4 Plus,Mahindra,2016,675000.0,9000.0,Diesel
Tata Indica V2 Xeta e GLE,Tata,2008,150000.0,11000.0,Petrol
Tata Indigo CS LS DiCOR,Tata,2009,72500.0,46000.0,Diesel
Maruti Suzuki Swift VXi 12 ABS BS IV,Maruti Suzuki,2019,610000.0,73.0,Petrol
Mahindra Scorpio VLX Special Edition BS III,Mahindra,2004,230000.0,160.0,Diesel
Honda Accord,Honda,2009,175000.0,58559.0,Petrol
Ford EcoSport Titanium 15 TDCi,Ford,2014,520000.0,57000.0,Diesel
Maruti Suzuki Ertiga,Maruti Suzuki,2015,524999.0,50000.0,Diesel
Honda Amaze,Honda,2014,299999.0,37000.0,Petrol
Maruti Suzuki Dzire,Maruti Suzuki,2012,299999.0,40000.0,Petrol
Honda City,Honda,2011,284999.0,55000.0,Petrol
Mahindra Scorpio 26 CRDe,Mahindra,2007,220000.0,170.0,Diesel
Maruti Suzuki Dzire,Maruti Suzuki,2014,424999.0,55000.0,Diesel
Honda City,Honda,2015,644999.0,39000.0,Petrol
Honda Mobilio,Honda,2014,399999.0,44000.0,Petrol
Toyota Corolla Altis,Toyota,2009,199999.0,65000.0,Petrol
Honda City,Honda,2014,584999.0,39000.0,Petrol
Skoda Laura,Skoda,2012,349999.0,44000.0,Diesel
Renault Duster,Renault,2015,449999.0,49000.0,Diesel
Maruti Suzuki Ertiga,Maruti Suzuki,2018,799999.0,9000.0,Diesel
Maruti Suzuki Dzire,Maruti Suzuki,2015,444999.0,45000.0,Diesel
Mahindra XUV500,Mahindra,2014,649999.0,47000.0,Diesel
Hyundai Verna Fluidic,Hyundai,2012,444999.0,40000.0,Diesel
Maruti Suzuki Vitara Brezza,Maruti Suzuki,2016,689999.0,29000.0,Diesel
Maruti Suzuki Wagon R,Maruti Suzuki,2016,344999.0,15000.0,Petrol
Mahindra Scorpio,Mahindra,2015,944999.0,45000.0,Diesel
Honda Amaze,Honda,2014,274999.0,35000.0,Petrol
Mahindra XUV500,Mahindra,2013,689999.0,80000.0,Diesel
Mahindra Scorpio,Mahindra,2013,574999.0,68000.0,Diesel
Skoda Laura,Skoda,2013,374999.0,50000.0,Diesel
Volkswagen Polo,Volkswagen,2010,199999.0,60000.0,Diesel
Hyundai Elite i20,Hyundai,2016,549999.0,9000.0,Petrol
Tata Manza Aura Quadrajet,Tata,2012,130000.0,72000.0,Diesel
Chevrolet Sail UVA Petrol LT ABS,Chevrolet,2013,210000.0,60000.0,Petrol
Hyundai Verna Fluidic 16 VTVT SX,Hyundai,2013,401000.0,45000.0,Diesel
Audi A4 20 TDI 177bhp Premium,Audi,2012,1350000.0,40000.0,Diesel
Hyundai Elantra SX,Hyundai,2013,600000.0,20000.0,Petrol
Mahindra Scorpio VLX 4WD Airbag,Mahindra,2013,610000.0,35000.0,Diesel
Mahindra KUV100 K8 D 6 STR,Mahindra,2016,400000.0,20000.0,Diesel
Hyundai Grand i10,Hyundai,2017,524999.0,6821.0,Petrol
Hyundai i20,Hyundai,2014,449999.0,23000.0,Petrol
Hyundai Eon,Hyundai,2014,174999.0,14000.0,Petrol
Hyundai i10,Hyundai,2012,244999.0,38000.0,Petrol
Hyundai i20 Active,Hyundai,2015,574999.0,35000.0,Diesel
Datsun Redi GO,Datsun,2017,244999.0,22000.0,Petrol
Toyota Etios Liva,Toyota,2011,239999.0,41000.0,Petrol
Hyundai Accent,Hyundai,2010,99999.0,45000.0,Petrol
Hyundai Verna,Hyundai,2014,489999.0,44000.0,Diesel
Maruti Suzuki Swift,Maruti Suzuki,2013,324999.0,45000.0,Diesel
Toyota Fortuner,Toyota,2011,1074999.0,52000.0,Diesel
Hyundai i10 Sportz,Hyundai,2012,230000.0,34000.0,Petrol
Mahindra Bolero Power Plus SLE,Mahindra,2018,699000.0,1800.0,Diesel
Mahindra XUV500,Mahindra,2015,1000000.0,15000.0,Diesel
Honda City 15 V MT Exclusive,Honda,2010,240000.0,400.0,Petrol
Chevrolet Spark LT 10 Airbag,Chevrolet,2009,110000.0,44000.0,Petrol
Mahindra XUV500,Mahindra,2016,1130000.0,72000.0,Diesel
Tata Indigo eCS VX CR4 BS IV,Tata,2014,250000.0,40000.0,Diesel
Skoda Rapid Elegance 16 TDI CR MT,Skoda,2013,340000.0,48000.0,Diesel
Tata Vista Quadrajet VX,Tata,2011,120000.0,90000.0,Diesel
Maruti Suzuki Alto K10 VXi AT,Maruti Suzuki,2015,265000.0,12000.0,Petrol
Maruti Suzuki Zen LXi BS III,Maruti Suzuki,2003,85000.0,69900.0,Petrol
Hyundai i10 Magna 12,Hyundai,2011,175000.0,45000.0,Petrol
Maruti Suzuki Swift Dzire Tour LDi,Maruti Suzuki,2016,350000.0,166.0,Diesel
Honda City ZX EXi,Honda,2008,149000.0,42000.0,Petrol
Mahindra Jeep MM 550 XDB,Mahindra,2006,425000.0,122.0,Diesel
Chevrolet Beat Diesel,Chevrolet,2017,150000.0,62000.0,Diesel
Honda City 15 S MT,Honda,2010,225000.0,70000.0,Petrol
Hyundai Verna 14 VTVT,Hyundai,2014,375000.0,36000.0,Petrol
Maruti Suzuki Maruti 800 Std  Befo,Maruti Suzuki,1995,30000.0,55000.0,Petrol
Maruti Suzuki Swift,Maruti Suzuki,2014,335000.0,55000.0,Diesel
Hyundai Elite i20 Asta 14 CRDI,Hyundai,2015,450000.0,20000.0,Diesel
Maruti Suzuki Swift Dzire VXi 12 BS IV,Maruti Suzuki,2012,225000.0,40000.0,Petrol
Maruti Suzuki Versa DX2 8 SEATER BSIII,Maruti Suzuki,2004,80000.0,50000.0,Petrol
Tata Indigo LX TDI BS III,Tata,2016,130000.0,104.0,Diesel
Volkswagen Vento Konekt Diesel Highline,Volkswagen,2011,245000.0,65000.0,Diesel
Mercedes Benz C Class 200 CDI Classic,Mercedes Benz,2002,399000.0,41000.0,Petrol
Maruti Suzuki Ertiga VDi,Maruti Suzuki,2013,450000.0,90000.0,Diesel
Honda City,Honda,2000,65000.0,80000.0,Petrol
Hyundai Santro Xing GLS,Hyundai,2006,75000.0,46000.0,Petrol
Maruti Suzuki Omni Limited Edition,Maruti Suzuki,2001,70000.0,70000.0,Petrol
Hyundai Sonata Transform 24 GDi MT,Hyundai,2017,190000.0,36469.0,Diesel
Hyundai Elite i20 Sportz 12,Hyundai,2018,600000.0,7800.0,Petrol
Maruti Suzuki Alto 800 Lxi,Maruti Suzuki,2017,240000.0,60000.0,Petrol
Maruti Suzuki Alto LXi BS III,Maruti Suzuki,2011,155000.0,32000.0,Petrol
Honda Jazz S MT,Honda,2009,169999.0,24695.0,Petrol
Hyundai Grand i10 Sportz 12 Kappa VTVT,Hyundai,2017,450000.0,15141.0,Petrol
Maruti Suzuki Zen LXi BSII,Maruti Suzuki,2001,40000.0,40000.0,Petrol
Mahindra Scorpio W Turbo 26DX 9 Seater,Mahindra,2012,165000.0,65000.0,Diesel
Maruti Suzuki Alto K10 VXi,Maruti Suzuki,2014,270000.0,22000.0,Petrol
Hyundai Grand i10 Asta 12 Kappa VTVT,Hyundai,2016,280000.0,59910.0,Diesel
Mahindra XUV500 W8,Mahindra,2012,560000.0,100.0,Diesel
Hyundai Creta 16 SX Plus Petrol,Hyundai,2016,950000.0,25000.0,Petrol
Hyundai i20 Magna O 12,Hyundai,2013,310000.0,35000.0,Petrol
Renault Duster 85 PS RxL Explore LE,Renault,2015,715000.0,65000.0,Diesel
Hyundai Grand i10 Sportz 12 Kappa VTVT,Hyundai,2014,340000.0,35000.0,Petrol
Honda Brio V MT,Honda,2012,235000.0,33000.0,Petrol
Mahindra TUV300 T4 Plus,Mahindra,2017,610000.0,68000.0,Diesel
Chevrolet Spark LS 10,Chevrolet,2010,95000.0,23000.0,Petrol
Mahindra TUV300 T8,Mahindra,2018,1000000.0,4500.0,Diesel
Maruti Suzuki Swift Dzire Tour LDi,Maruti Suzuki,2015,220000.0,129.0,Diesel
Nissan X Trail Select Variant,Nissan,2019,1200000.0,300.0,Diesel
Maruti Suzuki Alto 800 Vxi,Maruti Suzuki,2015,230000.0,5000.0,Petrol
Ford Ikon 13 CLXi NXt Finesse,Ford,2001,45000.0,65000.0,Petrol
Toyota Fortuner 30 4x4 MT,Toyota,2010,940000.0,131.0,Diesel
Tata Manza ELAN Quadrajet,Tata,2010,155555.0,111.0,Petrol
Mercedes Benz A Class A 180 Sport Petrol,Mercedes Benz,2013,1500000.0,14000.0,Petrol
Chevrolet Beat LS Diesel,Chevrolet,2016,210000.0,22000.0,Diesel
Ford EcoSport Trend 15L TDCi,Ford,2013,495000.0,38000.0,Diesel
Tata Indigo LS,Tata,2016,125000.0,70000.0,Diesel
Hyundai i20 Magna 12,Hyundai,2010,195000.0,36000.0,Petrol
Volkswagen Vento Highline Plus 15 Diesel AT,Volkswagen,2015,550000.0,34000.0,Diesel
Renault Kwid RXT,Renault,2015,270000.0,43000.0,Petrol
Ford EcoSport Titanium 15L TDCi,Ford,2014,500000.0,40000.0,Diesel
Honda Amaze 15 E i DTEC,Honda,2016,240000.0,160.0,Diesel
Hyundai Verna 16 EX VTVT,Hyundai,2017,800000.0,12000.0,Petrol
BMW 5 Series 520d Sedan,BMW,2011,1299000.0,49000.0,Diesel
Skoda Superb 18 TFSI AT,Skoda,2011,530000.0,68000.0,Petrol
Audi Q3 20 TDI quattro Premium,Audi,2013,1499000.0,37000.0,Diesel
Mahindra Bolero DI BSII,Mahindra,2012,220000.0,59466.0,Diesel
Ford Figo Duratorq Diesel Titanium 14,Ford,2012,250000.0,99000.0,Diesel
Maruti Suzuki Wagon R VXI BS IV,Maruti Suzuki,2018,395000.0,25500.0,Petrol
Mahindra Logan Diesel 15 DLS,Mahindra,2009,130000.0,66000.0,Petrol
Tata Nano GenX XMA,Tata,2010,32000.0,44005.0,Petrol
Mahindra TUV300 T4 Plus,Mahindra,2016,540000.0,35000.0,Diesel
Hyundai Elite i20 Magna 12,Hyundai,2015,405000.0,28000.0,Petrol
Hyundai Elite i20 Magna 12,Hyundai,2015,400000.0,30000.0,Petrol
Honda City SV,Honda,2017,760000.0,4000.0,Petrol
Maruti Suzuki Baleno Delta 12,Maruti Suzuki,2016,500000.0,28000.0,Petrol
Ford Figo Petrol LXI,Ford,2011,175000.0,75000.0,Petrol
Honda City,Honda,2017,750000.0,3000.0,Petrol
Hyundai Elite i20 Magna 12,Hyundai,2015,419000.0,20000.0,Petrol
Maruti Suzuki Versa DX2 8 SEATER BSIII,Maruti Suzuki,2004,90000.0,50000.0,Petrol
Hyundai Eon Era Plus,Hyundai,2018,140000.0,2110.0,Petrol
Mitsubishi Pajero Sport Limited Edition,Mitsubishi,2015,1540000.0,43222.0,Petrol
Hyundai i10 Magna 12 Kappa2,Hyundai,2008,275000.0,100.0,Petrol
Toyota Corolla H2,Toyota,2003,150000.0,100.0,Petrol
Maruti Suzuki Swift Dzire Tour VXi,Maruti Suzuki,2011,230000.0,65.0,Petrol
Tata Indigo CS eLS BS IV,Tata,2015,123000.0,100.0,Diesel
Hyundai Xcent Base 11 CRDi,Hyundai,2016,300000.0,140.0,Diesel
Hyundai Accent Executive Edition,Hyundai,2009,165000.0,48000.0,Petrol
Maruti Suzuki Baleno Delta 12,Maruti Suzuki,2016,498000.0,22000.0,Petrol
Tata Zest XE 75 PS Diesel,Tata,2018,480000.0,103.0,Diesel
Maruti Suzuki Dzire LDI,Maruti Suzuki,2017,488000.0,80000.0,Diesel
Tata Sumo Gold LX BS IV,Tata,2014,250000.0,99000.0,Diesel
Toyota Corolla Altis GL Petrol,Toyota,2010,220000.0,58000.0,Petrol
Maruti Suzuki Eeco 7 STR,Maruti Suzuki,2013,290000.0,70000.0,LPG
Toyota Fortuner 30 4x2 MT,Toyota,2015,1525000.0,120.0,Diesel
Mahindra XUV500 W6,Mahindra,2013,548900.0,49800.0,Diesel
Tata Tigor Revotron XZ,Tata,2019,650000.0,100.0,Diesel
Maruti Suzuki 800,Maruti Suzuki,2001,55000.0,81876.0,Petrol
Maruti Suzuki Ertiga Vxi,Maruti Suzuki,2015,550000.0,75000.0,Petrol
Honda Mobilio S i DTEC,Honda,2014,399000.0,44000.0,Diesel
Maruti Suzuki Ertiga,Maruti Suzuki,2016,730000.0,55000.0,Diesel
Maruti Suzuki Vitara Brezza,Maruti Suzuki,2017,725000.0,36000.0,Diesel
Hyundai Verna 16 CRDI E,Hyundai,2016,195000.0,56000.0,Diesel
Maruti Suzuki Swift VXI BSIII,Maruti Suzuki,2007,130000.0,62000.0,Petrol
Maruti Suzuki Omni Select Variant,Maruti Suzuki,2014,190000.0,6020.0,Petrol
Honda Amaze,Honda,2013,250000.0,55700.0,Diesel
Tata Indica,Tata,2005,80000.0,42000.0,Petrol
Hyundai Santro Xing,Hyundai,2003,120000.0,50000.0,Petrol
Maruti Suzuki Zen Estilo,Maruti Suzuki,2010,149000.0,35000.0,Petrol
Maruti Suzuki Wagon R LXI BS IV,Maruti Suzuki,2014,250000.0,18500.0,Petrol
Maruti Suzuki Wagon R,Maruti Suzuki,2007,120000.0,7000.0,Petrol
Honda Brio VX AT,Honda,2017,450000.0,11000.0,Petrol
Maruti Suzuki Zen LXi BSII,Maruti Suzuki,2003,99999.0,53000.0,Petrol
Maruti Suzuki Zen Estilo LXI Green CNG,Maruti Suzuki,2008,135000.0,23000.0,Petrol
Maruti Suzuki Wagon R Select Variant,Maruti Suzuki,2016,225000.0,35500.0,Diesel
Maruti Suzuki Alto LXi BS III,Maruti Suzuki,2010,99000.0,22134.0,Petrol
Renault Kwid RXT,Renault,2019,370000.0,1000.0,Petrol
Tata Nano Lx BSIV,Tata,2010,52000.0,9000.0,Petrol
Jaguar XE XE Portfolio,Jaguar,2016,2800000.0,8500.0,Petrol
Hyundai Eon Magna Plus,Hyundai,2014,190000.0,35000.0,Petrol
Honda City 15 S MT,Honda,2014,499000.0,22000.0,Petrol
Hindustan Motors Ambassador,Hindustan Motors,2002,90000.0,25000.0,Diesel
Maruti Suzuki Ritz GENUS VXI,Maruti Suzuki,2010,149000.0,40000.0,Petrol
Hyundai Grand i10 Magna AT 12 Kappa VTVT,Hyundai,2017,400000.0,20000.0,Petrol
Hyundai Eon D Lite Plus,Hyundai,2016,120000.0,87000.0,Petrol
Maruti Suzuki Swift Dzire VXi 12 BS IV,Maruti Suzuki,2015,250000.0,55000.0,Petrol
Maruti Suzuki Wagon R VXI BS IV,Maruti Suzuki,2017,375000.0,23000.0,Petrol
Honda Amaze 12 VX i VTEC,Honda,2014,381000.0,6000.0,Petrol
Maruti Suzuki Estilo VXi ABS BS IV,Maruti Suzuki,2013,180000.0,65000.0,Petrol
Maruti Suzuki Vitara Brezza LDi O,Maruti Suzuki,2016,580000.0,25000.0,Diesel
Maruti Suzuki Eeco 5 STR WITH AC HTR,Maruti Suzuki,2015,278000.0,39000.0,Petrol
Hyundai Creta 16 SX Plus Petrol AT,Hyundai,2016,1000000.0,8000.0,Petrol
Mahindra Scorpio Vlx BSIV,Mahindra,2013,690000.0,75000.0,Diesel
Maruti Suzuki Ertiga VDi,Maruti Suzuki,2012,480000.0,51000.0,Diesel
Mitsubishi Lancer 18 LXi,Mitsubishi,2006,85000.0,50000.0,Petrol
Maruti Suzuki Maruti 800 AC,Maruti Suzuki,2001,40000.0,75000.0,Petrol
Maruti Suzuki Alto 800 LXI CNG O,Maruti Suzuki,2015,90000.0,55800.0,Petrol
Hyundai Grand i10 Magna 12 Kappa VTVT,Hyundai,2015,340000.0,53000.0,Petrol
Hyundai Eon D Lite Plus,Hyundai,2018,260000.0,25000.0,Petrol
Ford Fiesta SXi 16 ABS,Ford,2009,250000.0,56400.0,Petrol
Maruti Suzuki Ritz VDi,Maruti Suzuki,2010,180000.0,72160.0,Diesel
Hyundai Verna Fluidic New,Hyundai,2012,350000.0,10000.0,Diesel
Maruti Suzuki Wagon R LXi BS III,Maruti Suzuki,2006,90001.0,48000.0,Petrol
Maruti Suzuki Estilo LX BS IV,Maruti Suzuki,2007,115000.0,36000.0,Petrol
Audi A6 20 TDI Premium,Audi,2012,1599000.0,11500.0,Diesel
Maruti Suzuki Wagon R LXi BS III,Maruti Suzuki,2003,130000.0,133.0,Petrol
Maruti Suzuki Wagon R,Maruti Suzuki,2009,159000.0,27000.0,Petrol
Maruti Suzuki Wagon R,Maruti Suzuki,2009,160000.0,35000.0,Petrol
Maruti Suzuki Alto,Maruti Suzuki,2010,110000.0,55000.0,Petrol
Maruti Suzuki Baleno Sigma 12,Maruti Suzuki,2016,425000.0,40000.0,Petrol
Hyundai Verna 16 SX VTVT AT,Hyundai,2019,900000.0,2000.0,Petrol
Maruti Suzuki Swift GLAM,Maruti Suzuki,2009,150000.0,45000.0,Petrol
Hyundai Getz Prime 13 GVS,Hyundai,2009,110000.0,20000.0,Petrol
Hyundai Santro,Hyundai,2000,51999.0,88000.0,Petrol
Hyundai Getz Prime 13 GLX,Hyundai,2009,115000.0,20000.0,Petrol
Chevrolet Beat PS Diesel,Chevrolet,2012,215000.0,65422.0,Diesel
Ford EcoSport Trend 15 Ti VCT,Ford,2017,580000.0,10000.0,Petrol
Maruti Suzuki Dzire ZXI,Maruti Suzuki,2013,380000.0,35000.0,Petrol
Hyundai Fluidic Verna 16 CRDi SX,Hyundai,2013,350000.0,117.0,Diesel
Tata Indica V2 DLG,Tata,2005,35000.0,150.0,Diesel
BMW X1 xDrive20d xLine,BMW,2011,1150000.0,72000.0,Diesel
Hyundai i20 Asta 12,Hyundai,2010,300000.0,10750.0,Petrol
Honda City 15 V AT,Honda,2009,269000.0,55000.0,Petrol
Tata Nano,Tata,2013,60000.0,6800.0,Petrol
Chevrolet Cruze LTZ AT,Chevrolet,2014,400000.0,41000.0,Diesel
Hyundai Verna Fluidic New,Hyundai,2015,430000.0,73000.0,Diesel
Maruti Suzuki Swift Dzire VDi,Maruti Suzuki,2011,140000.0,65000.0,Diesel
Mahindra XUV500 W6,Mahindra,2014,8500003.0,45000.0,Diesel
Mahindra XUV500 W10,Mahindra,2018,1299000.0,40000.0,Diesel
Maruti Suzuki Alto K10 LXi CNG,Maruti Suzuki,2014,199000.0,37000.0,Petrol
Hyundai Accent GLE,Hyundai,2006,90000.0,55000.0,Petrol
Force Motors One SUV,Force Motors,2013,550000.0,140.0,Diesel
Maruti Suzuki Alto,Maruti Suzuki,2019,265000.0,9800.0,Petrol
Chevrolet Spark 10 LT,Chevrolet,2011,100000.0,27000.0,Petrol
Hyundai i10,Hyundai,2009,215000.0,27000.0,Petrol
Toyota Etios Liva GD,Toyota,2012,380000.0,20000.0,Diesel
Renault Duster 85PS Diesel RxL Optional with Nav,Renault,2013,401919.0,57923.0,Diesel
Chevrolet Enjoy,Chevrolet,2014,490000.0,30201.0,Diesel
Maruti Suzuki Alto 800 Lxi,Maruti Suzuki,2017,280000.0,6200.0,Petrol
BMW 5 Series 530i,BMW,2009,650000.0,37518.0,Petrol
Toyota Etios Liva G,Toyota,2014,160000.0,24652.0,Petrol
Mahindra Jeep MM 550 XDB,Mahindra,2004,424000.0,383.0,Diesel
Chevrolet Beat LS Diesel,Chevrolet,2016,225000.0,95000.0,Diesel
Chevrolet Cruze LTZ,Chevrolet,2011,350000.0,35000.0,Diesel
Jeep Wrangler Unlimited 4x4 Diesel,Jeep,2015,950000.0,3528.0,Diesel
Maruti Suzuki Ertiga VDi,Maruti Suzuki,2013,485000.0,52500.0,Diesel
Hyundai Verna VGT CRDi SX ABS,Hyundai,2010,205000.0,47900.0,Diesel
Maruti Suzuki Omni,Maruti Suzuki,2012,160000.0,14000.0,Petrol
Maruti Suzuki Celerio VDi,Maruti Suzuki,2018,310000.0,37000.0,Petrol
Tata Zest Quadrajet 13,Tata,2017,180000.0,90000.0,Diesel
Mahindra XUV500 W6,Mahindra,2013,549900.0,52800.0,Diesel
Tata Indigo CS eLX BS IV,Tata,2016,150000.0,104.0,Diesel
Hyundai i10 Era,Hyundai,2011,175000.0,30000.0,Petrol
Tata Indigo eCS LX TDI BS III,Tata,2014,95000.0,195.0,Diesel
Tata Indigo LX TDI BS III,Tata,2016,230000.0,104.0,Diesel
Tata Indigo eCS LX CR4 BS IV,Tata,2016,230000.0,104.0,Diesel
Tata Indigo Marina LS,Tata,2004,180000.0,70000.0,Diesel
Hyundai Xcent SX 12,Hyundai,2015,400000.0,43000.0,Diesel
Hyundai Eon Magna Plus,Hyundai,2013,185000.0,23000.0,Petrol
Renault Duster 85 PS RxL Diesel,Renault,2015,385000.0,51000.0,Diesel
Maruti Suzuki Alto K10 LXi CNG,Maruti Suzuki,2009,90000.0,62000.0,Petrol
Tata Nano LX Special Edition,Tata,2010,32000.0,48008.0,Petrol
Renault Duster 110 PS RxZ Diesel,Renault,2013,435000.0,39000.0,Diesel
Maruti Suzuki Wagon R AX BSIV,Maruti Suzuki,2010,225000.0,40000.0,Petrol
Maruti Suzuki Swift,Maruti Suzuki,2006,189700.0,48247.0,Petrol
Maruti Suzuki Ertiga,Maruti Suzuki,2012,389700.0,39000.0,Diesel
Maruti Suzuki Swift VXi 12 ABS BS IV,Maruti Suzuki,2014,365000.0,23000.0,Petrol
Maruti Suzuki Alto K10 New,Maruti Suzuki,2017,360000.0,9400.0,Petrol
Hyundai i20 Magna,Hyundai,2010,210000.0,50000.0,Petrol
Hyundai i10 Magna 12,Hyundai,2009,170000.0,75000.0,Petrol
Tata Zest XE 75 PS Diesel,Tata,2017,380000.0,70000.0,Diesel
Mahindra Xylo E8,Mahindra,2009,295000.0,64000.0,Diesel
Toyota Corolla Altis GL Petrol,Toyota,2010,185000.0,55000.0,Petrol
Tata Manza Aqua Quadrajet,Tata,2014,160000.0,200.0,Diesel
Renault Kwid 10,Renault,2018,290000.0,2137.0,Petrol
Tata Venture EX 8 STR,Tata,2013,100000.0,30000.0,Diesel
Maruti Suzuki Swift Dzire Tour LXi,Maruti Suzuki,2014,315000.0,44000.0,Petrol
Skoda Octavia Classic 19 TDI MT,Skoda,2006,114990.0,65000.0,Diesel
Maruti Suzuki Omni LPG BS IV,Maruti Suzuki,2012,120000.0,160.0,LPG
Chevrolet Beat Diesel,Chevrolet,2011,125000.0,56000.0,Diesel
Tata Sumo Gold EX BS IV,Tata,2012,210000.0,75000.0,Diesel
Hyundai Verna 16 CRDI SX,Hyundai,2018,855000.0,42000.0,Diesel
Mahindra Scorpio 26 CRDe,Mahindra,2007,260000.0,56000.0,Diesel
Maruti Suzuki Zen LXi BS III,Maruti Suzuki,2002,95000.0,10544.0,Petrol
Maruti Suzuki Swift Dzire VXi 12 BS IV,Maruti Suzuki,2011,255000.0,64000.0,Petrol
Mahindra Scorpio SLX 26 Turbo 8 Str,Mahindra,2008,300000.0,70000.0,Diesel
Hyundai Grand i10 Sportz 12 Kappa VTVT,Hyundai,2014,340000.0,25000.0,Petrol
Hyundai Elite i20 Sportz 12,Hyundai,2017,550000.0,15000.0,Petrol
Ford Ikon 16 Nxt,Ford,2003,60000.0,50000.0,Petrol
Toyota Innova 25 V 7 STR,Toyota,2011,750000.0,147.0,Diesel
Nissan Sunny XL,Nissan,2011,230000.0,52000.0,Petrol
Chevrolet Beat LT Diesel,Chevrolet,2012,130000.0,90001.0,Diesel
Maruti Suzuki Alto 800 Lxi,Maruti Suzuki,2017,270000.0,21000.0,Petrol
Maruti Suzuki Swift VDi BS IV,Maruti Suzuki,2012,280000.0,48006.0,Diesel
Maruti Suzuki Swift,Maruti Suzuki,2012,280000.0,48006.0,Diesel
Toyota Innova 20 G4,Toyota,2012,600000.0,80000.0,Diesel
Maruti Suzuki Swift VDi ABS,Maruti Suzuki,2010,190000.0,74000.0,Diesel
Hyundai Elite i20 Asta 12,Hyundai,2015,500000.0,22000.0,Petrol
Mahindra XUV500 W10,Mahindra,2016,1065000.0,41000.0,Diesel
Volkswagen Polo Trendline 15L D,Volkswagen,2015,350000.0,25000.0,Diesel
Toyota Etios Liva Diesel,Toyota,2012,350000.0,85000.0,Diesel
Mahindra TUV300 T4 Plus,Mahindra,2016,540000.0,29500.0,Diesel
Hyundai Elite i20 Asta 12,Hyundai,2015,470000.0,30000.0,Petrol
Hyundai Santro Xing GLS,Hyundai,2014,179000.0,57000.0,Petrol
Maruti Suzuki Zen LXi BS III,Maruti Suzuki,2003,48000.0,60000.0,Petrol
Maruti Suzuki Ciaz ZXi Plus RS,Maruti Suzuki,2016,650000.0,50000.0,Petrol
Hyundai Eon Era Plus,Hyundai,2013,190000.0,39700.0,Petrol
Hyundai Elantra 18 S,Hyundai,2012,500000.0,65000.0,Petrol
Maruti Suzuki Swift VDi,Maruti Suzuki,2010,270000.0,67000.0,Diesel
Maruti Suzuki Zen Estilo LXI Green CNG,Maruti Suzuki,2008,125000.0,46000.0,Petrol
Hyundai Eon Era Plus,Hyundai,2012,188000.0,38000.0,Petrol
Hyundai Grand i10 Magna 12 Kappa VTVT,Hyundai,2016,380000.0,27000.0,Petrol
Hyundai Verna Fluidic New,Hyundai,2011,365000.0,43000.0,Diesel
Ford EcoSport Trend 15L Ti VCT,Ford,2014,465000.0,47000.0,Petrol
Hyundai i20 Magna,Hyundai,2011,240000.0,42000.0,Petrol
Chevrolet Beat Diesel,Chevrolet,2016,179999.0,19336.0,Diesel
Tata Indica eV2 LS,Tata,2015,140000.0,60105.0,Diesel
Jaguar XF 22 Diesel Luxury,Jaguar,2013,2190000.0,29000.0,Diesel
Audi Q5 20 TDI quattro Premium Plus,Audi,2014,2390000.0,34000.0,Diesel
BMW 3 Series 320d Sedan,BMW,2011,1075000.0,35000.0,Diesel
Maruti Suzuki Swift ZXi 12 BS IV,Maruti Suzuki,2015,475000.0,22000.0,Petrol
BMW X1 sDrive20d,BMW,2012,1025000.0,41000.0,Diesel
Maruti Suzuki S Cross Sigma 13,Maruti Suzuki,2016,615000.0,21000.0,Diesel
Maruti Suzuki Ertiga LDi,Maruti Suzuki,2013,475000.0,48000.0,Diesel
Maruti Suzuki Alto K10 VXi AMT,Maruti Suzuki,2016,270000.0,38000.0,Petrol
Honda City SV,Honda,2014,475000.0,34000.0,Diesel
Volkswagen Vento Comfortline Petrol,Volkswagen,2011,240000.0,45933.0,Petrol
Honda City 15 EXi New,Honda,2005,120000.0,68000.0,Petrol
Audi A4 20 TDI 177bhp Premium,Audi,2016,1900000.0,44000.0,Diesel
Mahindra KUV100,Mahindra,2017,360000.0,35000.0,Diesel
Tata Zest XE 75 PS Diesel,Tata,2018,450000.0,102.0,Diesel
Mahindra XUV500 W8,Mahindra,2015,900000.0,28600.0,Diesel
Maruti Suzuki Swift Dzire Tour VDi,Maruti Suzuki,2017,650000.0,41800.0,Diesel
Tata Sumo Gold LX BS IV,Tata,2014,275000.0,116.0,Diesel
Maruti Suzuki Swift Dzire VXi 12 BS IV,Maruti Suzuki,2009,210000.0,59000.0,Petrol
Mahindra Scorpio 26 SLX,Mahindra,2004,175000.0,58000.0,Diesel
Maruti Suzuki Omni 8 STR BS III,Maruti Suzuki,2009,85000.0,45000.0,Petrol
Mitsubishi Pajero Sport Limited Edition,Mitsubishi,2015,1490000.0,42590.0,Diesel
Renault Duster,Renault,2014,800000.0,7400.0,Diesel
Volkswagen Jetta Comfortline 19 TDI AT,Volkswagen,2009,450000.0,54500.0,Diesel
Maruti Suzuki Ertiga Vxi,Maruti Suzuki,2012,1000000.0,200.0,Diesel
Audi A4 20 TDI 177bhp Premium,Audi,2013,1510000.0,27000.0,Diesel
Volvo S80 Summum D4,Volvo,2015,1850000.0,42000.0,Diesel
Toyota Corolla Altis VL AT Petrol,Toyota,2014,790000.0,29000.0,Petrol
Mitsubishi Pajero Sport 25 AT,Mitsubishi,2015,1725000.0,37000.0,Diesel
Chevrolet Beat LT Petrol,Chevrolet,2012,135000.0,36000.0,Petrol
BMW X1,BMW,2011,1000000.0,34000.0,Diesel
Datsun Redi GO S,Datsun,2018,299999.0,7000.0,Petrol
Mercedes Benz C Class C 220 CDI Avantgarde,Mercedes Benz,2009,1225000.0,76000.0,Diesel
Mahindra Scorpio SLX,Mahindra,2004,175000.0,60000.0,Diesel
Volkswagen Vento Comfortline Diesel,Volkswagen,2011,200000.0,95000.0,Diesel
Tata Indigo CS GLS,Tata,2017,270000.0,50000.0,Diesel
Honda City ZX GXi,Honda,2006,180000.0,50000.0,Petrol
Maruti Suzuki Wagon R Duo Lxi,Maruti Suzuki,2008,140000.0,68000.0,Petrol
Ford EcoSport Trend 15L TDCi,Ford,2014,400000.0,16000.0,Petrol
Maruti Suzuki Swift Dzire VDi,Maruti Suzuki,2016,499000.0,51000.0,Diesel
Maruti Suzuki Omni 8 STR BS III,Maruti Suzuki,2009,85000.0,56000.0,Petrol
Maruti Suzuki Zen LX BSII,Maruti Suzuki,2004,70000.0,100.0,Petrol
Renault Duster RxL Petrol,Renault,2015,550000.0,36000.0,Petrol
Maruti Suzuki Swift VXi 12 BS IV,Maruti Suzuki,2014,370000.0,11523.0,Petrol
Maruti Suzuki Baleno Zeta 12,Maruti Suzuki,2018,690000.0,1000.0,Petrol
Honda WR V S MT Petrol,Honda,2009,250000.0,60000.0,Petrol
Tata Indigo CS eLX BS IV,Tata,2016,110000.0,85000.0,Diesel
Renault Duster 110 PS RxL Diesel,Renault,2013,490000.0,38600.0,Diesel
Mahindra Scorpio LX BS III,Mahindra,2009,320000.0,95500.0,Diesel
Maruti Suzuki Zen LXi BS III,Maruti Suzuki,2004,68000.0,56000.0,Petrol
Maruti Suzuki Wagon R LXi BS III,Maruti Suzuki,2014,130000.0,37458.0,Petrol
Maruti Suzuki SX4 Celebration Diesel,Maruti Suzuki,2016,970000.0,85960.0,Diesel
Audi A3 Cabriolet 40 TFSI,Audi,2015,3100000.0,12516.0,Petrol
Hyundai Eon D Lite Plus,Hyundai,2018,280000.0,35000.0,Petrol
Mahindra Scorpio SLX,Mahindra,2008,285000.0,80000.0,Diesel
Hyundai Santro AE GLS Audio,Hyundai,2011,165000.0,45000.0,Petrol
Maruti Suzuki Swift Dzire Tour VDi,Maruti Suzuki,2009,250000.0,51000.0,Diesel
Mahindra Xylo D2 BS IV,Mahindra,2011,390000.0,48000.0,Diesel
Hyundai Santro,Hyundai,2003,60000.0,51000.0,Petrol
Chevrolet Beat LT Diesel,Chevrolet,2015,215000.0,90000.0,Diesel
Maruti Suzuki Swift Dzire VDi,Maruti Suzuki,2015,475000.0,43000.0,Diesel
Mahindra XUV500 W8,Mahindra,2015,899000.0,53000.0,Diesel
Toyota Fortuner 30 4x4 MT,Toyota,2013,1499000.0,97000.0,Diesel
Maruti Suzuki Alto K10 VXi,Maruti Suzuki,2013,240000.0,20000.0,Petrol
Hyundai Getz GLE,Hyundai,2007,99000.0,55000.0,Petrol
Maruti Suzuki Swift Dzire Tour LDi,Maruti Suzuki,2014,260000.0,120.0,Diesel
Hyundai Santro Xing XL AT eRLX Euro III,Hyundai,2007,115000.0,46000.0,Petrol
Hyundai Santro Xing XL eRLX Euro III,Hyundai,2009,88000.0,43200.0,Petrol
Mahindra Xylo D2 BS IV,Mahindra,2011,390000.0,56000.0,Diesel
Hyundai Santro Xing XL eRLX Euro III,Hyundai,2007,135000.0,42000.0,Petrol
Tata Indica V2 DLS BS III,Tata,2009,90000.0,30600.0,Diesel
Hyundai i10 Sportz 12,Hyundai,2011,220000.0,38000.0,Petrol
Hyundai Grand i10 Magna 12 Kappa VTVT,Hyundai,2017,424999.0,2550.0,Petrol
Hyundai Santro Xing XL AT eRLX Euro III,Hyundai,2007,135000.0,47000.0,Petrol
Honda City 15 E MT,Honda,2005,95000.0,41000.0,Petrol
Nissan Micra XL,Nissan,2017,430000.0,62500.0,Diesel
Honda City 15 S Inspire,Honda,2005,115000.0,68000.0,Petrol
Maruti Suzuki Alto 800 Lxi,Maruti Suzuki,2015,215000.0,50000.0,Petrol
Maruti Suzuki Wagon R LX BS III,Maruti Suzuki,2004,53000.0,69000.0,Petrol
Maruti Suzuki Ertiga VDi,Maruti Suzuki,2012,500000.0,48000.0,Diesel
Tata Indica eV2 eXeta eGLX,Tata,2012,85000.0,55000.0,Diesel
Maruti Suzuki Omni E 8 STR BS IV,Maruti Suzuki,2013,165000.0,25000.0,Petrol
Hyundai Eon Era Plus,Hyundai,2014,200000.0,28400.0,Petrol
Hyundai Eon,Hyundai,2014,200000.0,28000.0,Petrol
Maruti Suzuki Swift LDi,Maruti Suzuki,2015,425000.0,42000.0,Diesel
Hyundai Verna 16 CRDI SX Plus AT,Hyundai,2012,600000.0,29000.0,Diesel
Chevrolet Tavera LS B3 10 Seats BSII,Chevrolet,2005,130000.0,68485.0,Diesel
Tata Tiago Revotron XM,Tata,2018,430000.0,3500.0,Petrol
Maruti Suzuki Zen LXi BS III,Maruti Suzuki,2006,71000.0,32000.0,Petrol
Mahindra KUV100 K8 D 6 STR,Mahindra,2018,560000.0,8000.0,Diesel
Ford EcoSport Titanium 15 TDCi,Ford,2014,590000.0,34000.0,Diesel
Hindustan Motors Ambassador Classic Mark 4  Befo,Hindustan Motors,1995,750000.0,37000.0,Petrol
Ford Fusion 14 TDCi Diesel,Ford,2007,125000.0,85455.0,Diesel
Hyundai Santro Xing XL AT eRLX Euro III,Hyundai,2007,135000.0,46000.0,Petrol
Hyundai Santro,Hyundai,2002,60000.0,47000.0,Petrol
Fiat Linea Emotion 14 L T Jet Petrol,Fiat,2009,120000.0,64000.0,Petrol
Ford Ikon 13 Flair Josh 100,Ford,2008,95000.0,46000.0,Petrol
Maruti Suzuki Omni E 8 STR BS IV,Maruti Suzuki,2017,240000.0,8000.0,Petrol
Tata Indica V2 LS,Tata,2012,115000.0,64000.0,Diesel
Mahindra Scorpio S4,Mahindra,2015,795000.0,63000.0,Diesel
Hyundai Santro Xing XL eRLX Euro III,Hyundai,2007,55000.0,65000.0,Petrol
Mahindra Xylo D2,Mahindra,2009,300000.0,62000.0,Diesel
Hyundai Grand i10 Asta 12 Kappa VTVT,Hyundai,2014,320000.0,41000.0,Petrol
Maruti Suzuki Alto 800 Lxi,Maruti Suzuki,2015,265000.0,14000.0,Petrol
Toyota Corolla,Toyota,2006,160000.0,40000.0,Petrol
Hyundai Eon Magna,Hyundai,2017,300000.0,1600.0,Petrol
Tata Sumo Grande MKII GX,Tata,2010,130000.0,90000.0,Diesel
Maruti Suzuki Swift VDi,Maruti Suzuki,2011,250000.0,58000.0,Diesel
Volkswagen Polo Highline12L P,Volkswagen,2013,380000.0,27000.0,Petrol
Maruti Suzuki Alto 800 Lx,Maruti Suzuki,2003,42000.0,60000.0,Petrol
Tata Tiago Revotron XZ,Tata,2017,400000.0,31000.0,Petrol
Maruti Suzuki Swift LDi,Maruti Suzuki,2009,120000.0,90000.0,Diesel
Maruti Suzuki Swift VDi,Maruti Suzuki,2009,120000.0,90000.0,Diesel
Tata Indigo eCS,Tata,2016,130000.0,150.0,Diesel
Chevrolet Beat LS Diesel,Chevrolet,2014,189000.0,31000.0,Diesel
Mahindra Xylo E8 BS IV,Mahindra,2011,365000.0,43000.0,Diesel
Hyundai Eon D Lite Plus,Hyundai,2013,170000.0,20000.0,Petrol
Tata Sumo Gold FX BSIII,Tata,2013,215000.0,100.0,Petrol
Tata Nano,Tata,2013,60000.0,7000.0,Petrol
Hyundai Elite i20,Hyundai,2017,599999.0,31000.0,Petrol
Hyundai i10 Magna 12 Kappa2,Hyundai,2009,400000.0,33000.0,Petrol
Hyundai Creta,Hyundai,2016,900000.0,60000.0,Diesel
Volkswagen Polo,Volkswagen,2013,299999.0,48000.0,Diesel
Maruti Suzuki Dzire,Maruti Suzuki,2014,374999.0,33000.0,Petrol
Tata Bolt XM Petrol,Tata,2015,600000.0,15000.0,Petrol
Maruti Suzuki Alto 800 Lx,Maruti Suzuki,2005,70000.0,47000.0,Petrol
Maruti Suzuki Alto,Maruti Suzuki,2005,100000.0,40000.0,Petrol
Maruti Suzuki Ritz,Maruti Suzuki,2010,150000.0,38000.0,Diesel
Maruti Suzuki Alto 800 Lxi,Maruti Suzuki,2017,225000.0,12500.0,Petrol
Maruti Suzuki Dzire,Maruti Suzuki,2009,210000.0,42000.0,Petrol
Hyundai i20 Asta,Hyundai,2014,425000.0,31000.0,Petrol
Maruti Suzuki Swift Select Variant,Maruti Suzuki,2008,162000.0,60000.0,Diesel
Tata Indica V2 DLX BS III,Tata,2005,60000.0,80000.0,Diesel
Mahindra Scorpio VLX 22 mHawk Airbag BSIV,Mahindra,2014,650000.0,77000.0,Diesel
Toyota Innova 25 E 8 STR,Toyota,2012,750000.0,75000.0,Diesel
Mahindra Xylo E8,Mahindra,2010,375000.0,40000.0,Diesel
Hyundai i20 Magna 12,Hyundai,2011,230000.0,47000.0,Petrol
Maruti Suzuki Omni,Maruti Suzuki,2000,35999.0,60000.0,Petrol
Mahindra KUV100,Mahindra,2016,380000.0,26500.0,Petrol
Mahindra KUV100 K8 6 STR,Mahindra,2019,560000.0,2875.0,Petrol
Datsun Go Plus,Datsun,2016,285000.0,13900.0,Petrol
Ford Endeavor 4x4 Thunder Plus,Ford,2019,2900000.0,9000.0,Diesel
Tata Indica V2,Tata,2005,39999.0,80000.0,Diesel
Hyundai Santro Xing GL,Hyundai,2006,85000.0,60000.0,Petrol
Maruti Suzuki Wagon R 10 VXi,Maruti Suzuki,2016,395000.0,20000.0,Petrol
Maruti Suzuki Swift Select Variant,Maruti Suzuki,2008,175000.0,58000.0,Diesel
Maruti Suzuki Alto 800 Lx,Maruti Suzuki,2019,400000.0,1500.0,Petrol
Toyota Innova 25 Z Diesel 7 Seater,Toyota,2011,750000.0,75000.0,Diesel
Maruti Suzuki Alto 800,Maruti Suzuki,2016,250000.0,2450.0,Petrol
Maruti Suzuki Alto AX,Maruti Suzuki,2019,425000.0,1625.0,Petrol
Volkswagen Polo Highline12L P,Volkswagen,2017,525000.0,45000.0,Petrol
Mahindra Logan,Mahindra,2009,130000.0,65000.0,Diesel
Maruti Suzuki 800 Std BS III,Maruti Suzuki,2000,30000.0,33400.0,Petrol
Mahindra Scorpio,Mahindra,2011,475000.0,60123.0,Diesel
Chevrolet Sail 12 LS,Chevrolet,2013,300000.0,28000.0,Petrol
Hyundai Santro AE GLS Audio,Hyundai,2003,60000.0,70000.0,Petrol
Maruti Suzuki Wagon R VXi Minor,Maruti Suzuki,2006,100000.0,7000.0,Petrol
Hyundai Eon,Hyundai,2018,260000.0,25000.0,Petrol
Tata Manza,Tata,2015,100000.0,100.0,Diesel
Toyota Etios G,Toyota,2013,265000.0,42000.0,Petrol
Toyota Qualis,Toyota,2003,180000.0,100.0,Diesel
Hyundai Santro Xing,Hyundai,2004,45000.0,137.0,Petrol
Tata Indica eV2 LS,Tata,2016,50500.0,91200.0,Diesel
Honda City 15 S MT,Honda,2009,270000.0,55000.0,Petrol
Tata Zest XE 75 PS Diesel,Tata,2017,290000.0,120.0,Diesel
Mahindra Quanto C4,Mahindra,2013,325000.0,63000.0,Diesel
Tata Indigo eCS LX CR4 BS IV,Tata,2016,160000.0,104.0,Diesel
Maruti Suzuki Swift Dzire,Maruti Suzuki,2016,350000.0,146.0,Diesel
Hyundai Elite i20,Hyundai,2011,290000.0,40000.0,Petrol
Hyundai i20 Select Variant,Hyundai,2011,290000.0,40000.0,Petrol
Chevrolet Tavera Neo,Chevrolet,2007,465000.0,100.0,Diesel
Maruti Suzuki Dzire,Maruti Suzuki,2016,325000.0,150.0,Diesel
Hyundai Elite i20,Hyundai,2018,510000.0,2100.0,Petrol
Honda City VX Petrol,Honda,2016,860000.0,95000.0,Petrol
Maruti Suzuki Dzire,Maruti Suzuki,2016,450000.0,2500.0,Diesel
Hyundai Getz,Hyundai,2006,125000.0,80000.0,Petrol
Mercedes Benz C Class 200 K MT,Mercedes Benz,2006,500001.0,15000.0,Petrol
Maruti Suzuki Alto LXi BS III,Maruti Suzuki,2005,95000.0,65000.0,Petrol
Skoda Fabia,Skoda,2009,110000.0,45000.0,Petrol
Maruti Suzuki Ritz VXI ABS,Maruti Suzuki,2011,270000.0,50000.0,Petrol
Tata Indica V2 DLE BS III,Tata,2009,110000.0,30000.0,Diesel
Toyota Corolla Altis,Toyota,2009,300000.0,132.0,Petrol
Tata Zest XM Diesel,Tata,2018,260000.0,27000.0,Diesel
Mahindra Quanto C8,Mahindra,2013,390000.0,40000.0,Diesel
